Beijing_S,Beijing_E,Beijing_I,Beijing_R,Beijing_D,Beijing_H,Wuhan_S,Wuhan_E,Wuhan_I,Wuhan_R,Wuhan_D,Wuhan_H
21546284.540666662,0.05899999999999998,0.0865333333333333,0.0,0.0,0.0,10888585.860338725,169.92460999321318,223.7545730668282,5.774278215223097,1.0,50.61538461538461
21550567.374736175,0.13175718413863494,0.17605430059034918,0.004542432195975501,0.0,0.0037820512820512806,10884271.523387691,190.45834907632243,228.68634269937414,11.644830439199339,1.0,61.507987820077766
21554848.50101461,0.21874559345093916,0.2698293876097996,0.01374357995325084,0.0,0.012228024624271468,10879956.846340246,211.70481517395135,234.8029950558639,17.642516351808588,1.0,73.71685635061125
21559127.91813584,0.320565665304677,0.3691252496003774,0.02776510587603307,0.0,0.02625017805061372,10875641.677546347,233.7698241320232,242.1186524274688,23.798385231226316,1.0,87.28767783612093
21563405.62454961,0.43794544115087586,0.475219340569958,0.04681413082814685,0.0,0.04679925915988789,10871325.855824169,256.7619585413649,250.6538439538287,30.143844806722225,1.0,102.27292297278908
21567681.61850859,0.5717427018668632,0.5894103296685403,0.07114365835684756,0.0,0.07487268487468762,10867009.20973048,280.7931226621612,260.4355122997143,36.710829276421826,1.0,118.73202287928686
21571955.89805422,0.7229480212634835,0.7130283836434799,0.10105333859844856,0.0,0.1115228580712814,10862691.556786465,305.9791064113826,271.49705572590483,43.53196743422175,1.0,136.73158202429715
21576228.461001467,0.8926887347488823,0.847445391699526,0.1368905681945831,0.0,0.15786567994714573,10858372.70265543,332.44016137454264,283.8784051923336,50.6407518347975,1.0,156.34562730707813
21580499.304922253,1.0822338263843514,0.9940852067185919,0.1790519251157327,0.0,0.21508931679002277,10854052.440268725,360.30159181855504,297.62613633103473,58.07170991577749,1.0,177.65589406185651
21584768.4271275,1.2929997436770535,1.1544339749966073,0.22798493959122978,0.0,0.284463280019789,10849730.548895814,389.694363713864,312.79361632156156,65.86057799153171,1.0,200.75214994766128
21589035.82464783,1.5265571554719037,1.3300506253727924,0.2841902045985184,0.0,0.36734787897344623,10845406.793154426,420.7557348212599,329.4411858935185,74.0444790335207,1.0,225.7325578780372
21593301.494212653,1.7846386742708762,1.5225775878395602,0.34822383158458503,0.0,0.4652041068883118,10841080.921956262,453.62990896184533,347.63637687071594,82.66210515768665,1.0,252.7040793409385
21597565.432227574,2.069147570261549,1.7337518114119108,0.42070025929410343,0.0,0.5796040219056758,10836752.667383503,488.46871766749763,367.45416586031837,91.75390574988674,1.0,281.7829196590055
21601827.634750172,2.3821675103158864,1.9654161511898736,0.5022954257765105,0.0,0.7122416866660312,10832421.74349118,525.4323325040205,388.9772648792449,101.36228217583822,1.0,313.0950169453836
21606088.097463768,2.725973361262356,2.2195311951557644,0.5937503158520221,0.0,0.864944732199101,10828087.845029946,564.6900114701658,412.2964499000067,111.53179004246698,1.0,346.7765767212823
21610346.815649256,3.103043102876156,2.4981876023022904,0.6958748985484043,0.0,1.039686614331303,10823750.646083638,606.4208830031369,437.5109284901561,122.30935000295072,1.0,382.9746543796262
21614603.78415478,3.516070902310188,2.8036190251833393,0.8095524712897827,0.0,1.2385996337464416,10819409.798615512,650.8147712653622,464.7287479145676,133.74446812817416,1.0,421.84778790546835
21618858.997363046,3.9679814081395532,3.1382156919149864,0.9357444299394455,0.0,1.4639887941509402,10815064.930916704,698.0730665487324,494.06724526884716,145.88946690285124,1.0,463.56668349940185
21623112.449156243,4.461945328851691,3.504538725030921,1.0754954861840944,0.0,1.718346576723989,10810715.645950045,748.4096448115739,525.6535414163101,158.7997279453143,1.0,508.31495699611537
21627364.13287827,5.001396367519216,3.9053352774179224,1.2299393562108498,0.0,2.004368713188841,10806361.519581862,802.0518405609893,559.6250807111289,172.53394759605763,1.0,556.2899342276266
21631614.04129414,5.590049591580951,4.343554568829759,1.4003049471844051,0.0,2.324971044440072,10802002.098693963,859.2414775094677,596.1302187074801,187.1544065717126,1.0,607.703513750767
21635862.166546363,6.231921324166517,4.822364910210866,1.5879230706939444,0.0,2.6833075567209015,10797636.899167446,920.2359616705819,635.3288602798206,202.72725493839496,1.0,662.7830956423993
21640108.50010805,6.931350651270431,5.345171807266267,1.7942337151222292,0.0,3.082789692885423,10793265.403729424,985.3094418149208,677.393150813843,219.32281372152653,1.0,721.7725803648725
21644353.032732546,7.693022647353493,5.91563723940563,2.0207939118071914,0.0,3.5271070423258357,10788887.059653252,1054.754042485055,722.5082233722693,237.01589453851898,1.0,784.9334420196752
21648595.75439934,8.5219934306639,6.537700215384105,2.2692862329347467,0.0,4.02024951972029,10784501.276301997,1128.8811750682066,770.8730049955279,255.88613871638552,1.0,852.5458806405121
21652836.654255915,9.4237171687716,7.215598712680296,2.541527962336004,0.0,4.566531149891053,10780107.422504485,1208.0229327484356,822.7010855656604,276.0183774387142,1.0,924.9100585294996
21657075.720555358,10.404075164541968,7.953893113914669,2.839480983778966,0.0,5.1706155837866685,10775704.82375237,1292.533575507615,878.2216529436563,297.5030145558104,1.0,1002.3474260133737
21661312.940589346,11.469407163086396,8.757491260445043,3.1652624349613294,0.0,5.837543478949614,10771292.7592059,1382.7911117174704,937.6804983870564,320.4364337885537,1.0,1085.202142392067
21665548.300616197,12.626545031166822,9.631675250707467,3.5211561792448025,0.0,6.572761886839769,10766870.458495347,1479.1989832646213,1001.3410965672767,344.92143216100266,1.0,1173.842598271392
21669781.785783615,13.882848972151388,10.582130118931557,3.9096251512414493,0.0,7.382155799094052,10762437.098304112,1582.1878615783419,1069.4857648360555,371.0676816094255,1.0,1268.66304591656
21674013.380045813,15.246246451972961,11.614974538583338,4.33332463668844,0.0,8.272082015257602,10757991.798718596,1692.2175623878343,1142.4169067389628,398.99222083670793,1.0,1370.0853447356847
21678243.06607449,16.7252740246894,12.736793704312454,4.795116551650181,0.0,9.249405505768689,10753533.619328951,1809.7790875237745,1220.4583451424958,428.8199796114455,1.0,1478.5608295041354
21682470.825163346,18.32912226024493,13.954674556345156,5.298084790987964,0.0,10.321538456069293,10749061.555063866,1935.3968025991462,1303.9567507313177,460.68433785102656,1.0,1594.5723094736084
21686696.637125622,20.06768399194923,15.276243522212837,5.845551721260422,0.0,11.49648219070038,10744574.53174117,2069.6307599584493,1393.2831720451716,494.72772197817307,1.0,1718.6362070761172
21690920.480184074,21.95160611709376,16.709706962485633,6.441095898787397,0.0,12.782872190184303,10740071.401315209,2213.0791768739523,1488.834673662539,531.1022412013648,1.0,1851.3048455349924
21695142.33085308,23.99234520108402,18.263894519842797,7.088571099551945,0.0,14.190026428459543,10735550.93680036,2366.381079594246,1591.0360896017298,569.9703665419395,1.0,1993.168895334605
21699362.16381198,26.202227153558944,19.94830558441072,7.792126753957202,0.0,15.727997274682878,10731011.826848894,2530.21912451571,1700.3418995015697,611.5056556151345,1.0,2144.8599901803896
21703579.951769337,28.594511264273358,21.773159102894972,8.556229886226472,0.0,17.407627220423834,10726452.669959921,2705.322608453304,1817.2382356648577,655.8935263696364,1.0,2307.0535238031916
21707795.66531729,31.183458907123836,23.749446974687423,9.385688665467162,0.0,19.240608711723404,10721871.968294635,2892.4706807349207,1942.2450296001562,703.332083201098,1.0,2480.471639729685
21712009.27277527,33.98440724268949,25.888991294911307,10.285677683145357,0.0,21.23954838525699,10717268.121071508,3092.495770635221,2075.918307283086,754.0329990803972,1.0,2665.8864269562832
21716220.740022555,37.01384827313643,28.204505722348863,11.261765079972918,0.0,23.418036029019135,10712639.41751331,3306.287244501872,2218.8526429790277,808.2224575780053,1.0,2864.1233353303355
21720430.030318487,40.28951362839564,30.709661269454525,12.319941654030997,0.0,25.790718610630446,10707984.0293161,3534.7953078111955,2371.6837821270333,866.1421589226184,1.0,3076.064825362507
21724637.104109854,43.830465489278744,33.41915683227519,13.466652091381883,0.0,28.373379740655807,10703300.00260843,3779.0351683226722,2535.091444481742,928.0503945061729,1.0,3302.6542681709166
21724631.95415653,46.170773582216235,35.35165883200267,14.343795315326119,0.0,31.18302496432752,10702795.214034643,4041.5778979836446,2710.7994554164934,994.5882276946701,1.0,3544.900112294165
21724626.51935169,48.64591345396208,37.38345874401424,15.271660376533537,0.0,34.1426899375465,10702255.414567469,4322.301858877101,2898.7253696918146,1065.7378197003522,1.0,3803.9756185751676
21724620.784086958,51.26285040501514,39.520593386637124,16.25285351942105,0.0,37.2610177230569,10701678.179342885,4622.466451480714,3099.713970970543,1141.8198504009247,1.0,4081.046250554469
21724614.73188718,54.02897001802272,41.769387625144994,17.29013943508081,0.0,40.54709787722453,10701060.916176647,4943.417665700382,3314.66860091582,1223.1771724736425,1.0,4377.358202572464
21724608.345363256,56.95209843490936,44.13647375263406,18.38644882156756,0.0,44.01049339120034,10700400.854097934,5286.593996610926,3544.55517284007,1310.176348350698,1.0,4694.24395037377
21724601.606162176,60.04052397764318,46.628811662030664,19.544886452870294,0.0,47.66126893189967,10699695.031109478,5653.532754518338,3790.4064592230216,1403.2092925197287,1.0,5033.1281809257525
21724594.494914442,63.30302016878056,49.25370987459631,20.76873977733304,0.0,51.510020468928076,10698940.28112364,6045.87679455082,4053.326671187606,1502.6950263576032,1.0,5395.53412672821
21724586.991178494,66.74887021242549,52.01884749217965,22.061488068004856,0.0,55.56790637718325,10698133.220021002,6465.381692411481,4334.496349163679,1609.0815531604276,1.0,5783.090331507109
21724579.073381968,70.38789300087396,54.932297142585824,23.426812149164427,0.0,59.84668010874899,10697270.230774622,6913.923394405406,4635.177585172032,1722.8478615374272,1.0,6197.53787589246
21724570.718759827,74.23047071699843,58.00254898979789,24.86860472508532,0.0,64.35872453188193,10696347.451857101,7393.502094335561,4956.7195984268965,1844.5060658726513,1.0,6640.73809348255
21724561.903288938,78.28757810738172,61.23853588339233,26.390981338990773,0.0,69.11708803938181,10695360.74816728,7906.26334221264,5300.564413116184,1974.60369312795,1.0,7114.6805354271355
21724552.601619035,82.57081350635133,64.64965972434786,27.998291992098178,0.0,74.13552253344473,10694305.704531698,8454.495225090854,5668.253740281017,2113.7261186690575,1.0,7621.492288133075
21724542.78699998,87.09243169640682,68.24581912755829,29.695133454679493,0.0,79.4285233992365,10693177.602781292,9040.642153371216,6061.435498352855,2262.4991827184276,1.0,8163.447110254285
21724532.431204796,91.86537869609694,72.03743846473303,31.48636230317183,0.0,85.01137158490361,10691971.40123341,9667.315358091406,6481.871046285318,2421.5919779507867,1.0,8742.975453419107
21724521.5044486,96.90332857220378,76.03549837500873,33.37710871956903,0.0,90.90017791157646,10690681.712824361,10337.304064699852,6931.442899743209,2591.719826934653,1.0,9362.675155860861
21724509.975302957,102.22072237914946,80.25156783451278,35.3727910916165,0.0,97.11192974312802,10689302.781809684,11053.587382919884,7412.162961034463,2773.647462098517,1.0,10025.322852315981
21724497.810605593,107.83280933487221,84.69783788032206,37.47913145472707,0.0,103.66454015204783,10687828.458944812,11819.346954015708,7926.1812952041755,2968.1924217057203,1.0,10733.886146092895
21724484.975365,113.7556903490476,89.38715708875736,39.70217181903999,0.0,110.57689972479608,10686252.175054606,12637.980398452259,8475.795486507111,3176.228676173021,1.0,11491.536591863136
21724471.432659898,120.00636402647248,94.33306891275981,42.048291427668794,0.0,117.86893115742731,10684566.912895862,13513.115608573913,9063.460611333008,3398.690499965859,1.0,12301.663540481868
21724457.143533003,126.60277527570811,99.54985098821834,44.52422499493282,0.0,125.5616468001499,10682765.17721243,14448.625932487268,9691.799865572646,3636.57660525019,1.0,13167.888900005839
21724442.0668791,133.5638666607153,105.0525565245739,47.1370819762509,0.0,133.67720931782353,10680838.962878095,15448.646296790643,10363.615886376252,3890.954554477819,1.0,14094.08287003707
21724426.15932679,140.90963264123357,110.85705790082719,49.89436692440244,0.0,142.2389956422283,10678779.721018232,16517.59031711208,11081.902810261196,4162.965470130738,1.0,15084.380709574934
21724409.375113823,148.66117685607702,116.98009259424211,52.80400099004094,0.0,151.27166440128178,10676578.322996669,17660.168446557043,11849.859111563257,4453.829060951242,1.0,16143.200601697505
21724391.665955447,156.8407726123719,123.43931157557722,55.874344627685105,0.0,160.80122702026108,10674225.022150235,18881.40721307843,12670.90126728275,4764.848985139255,1.0,17275.262681605007
21724372.980905626,165.4719267530696,130.25333031161662,59.11422157192597,0.0,170.8551227005413,10671709.413149685,20186.669597408505,13548.678296437938,5097.418572207043,1.0,18485.60929782798
21724353.2662105,174.57944708485655,137.44178252312267,62.53294415228335,0.0,181.46229749240473,10669020.388861738,21581.67660347017,14487.087224085884,5453.0269264442595,1.0,19779.626579713142
21724332.465153832,184.1895135588862,145.02537685412125,66.140340019032,0.0,192.65328769015196,10666146.094584256,23072.530073037895,15490.289522182107,5833.265436262785,1.0,21163.067387627892
21724313.2140556,191.6335916849465,153.02595661667135,69.94678035641049,0.0,204.46030779008055,10663376.51913338,24363.097185895993,16562.72858139993,6239.834715060216,1.0,22642.07572564315
21724295.53572824,197.02771445368396,161.29373190433606,73.96320966393466,0.0,216.74451238526945,10660727.466680449,25450.412639732454,17689.74829489478,6674.552000661265,1.0,24203.812724739044
21724279.414485816,200.51897518160467,169.69028231650663,78.19664094751306,0.0,229.37449408101844,10658210.784119112,26335.658493393734,18856.887147060886,7138.849856170315,1.0,25835.249432414203
21724264.804565042,202.27511549802668,178.09024959270565,82.65045413167334,0.0,242.2282745413776,10655834.641909618,27023.61746613044,20050.13896263419,7633.781277353014,1.0,27523.432669170204
21724251.637879573,202.47544741346255,186.38231838405866,87.32473889788606,0.0,255.1946280989435,10653603.900986494,27522.07521834886,21256.17176706665,8160.0316438263535,1.0,29255.715840076
21724239.830834735,201.30329690241842,194.46958936403988,92.21666326492175,0.0,268.17382344596035,10651520.52797508,27841.212638845787,22462.502587197294,8717.936414615504,1.0,31019.951430995803
21724229.290086497,198.9399876419771,202.2694581605657,97.32085196214062,0.0,281.07788093970504,10649584.028115653,27993.01938039573,23657.628708032727,9307.503411654803,1.0,32804.644548870536
21724219.917239167,195.56027166128655,209.71311180794189,102.62976162514761,0.0,293.8304442500882,10647791.872465886,27990.75071090955,24831.1178905951,9928.438548348577,1.0,34599.06886812666
21724211.61254792,191.32904806192383,216.7447455082096,108.13404277496238,0.0,306.36635910017077,10646139.902556352,27848.4417287176,25973.66140461416,10580.173926054484,1.0,36393.34775985165
21724204.277733155,186.3991802589253,223.32058961149926,113.82288123974475,0.0,318.6310416682428,10644622.701383354,27580.48638064387,27077.094529239235,11261.897322501049,1.0,38178.504280923284
21724197.818032086,180.91021592880338,229.4078222145104,119.68431403794685,0.0,330.5797070694559,10643233.924305735,27201.28356206484,28134.38952965379,11972.582218281608,1.0,39946.48417711841
21724192.14361592,174.9878233767568,234.98342824509962,125.7055167207424,0.0,342.1765157828407,10641966.58707053,26724.948774063516,29139.62613213726,12711.017639007428,1.0,41690.156200327685
21724187.170494456,168.74377667916116,240.0330523618485,131.87306076917017,0.0,353.39368394801744,10640813.310910363,26165.087192305382,30087.94429054374,13475.83722252809,1.0,43403.29394225483
21724182.821017478,162.27634489647355,244.549881008849,138.1731408836544,0.0,364.2105927095022,10639766.526562663,25534.622361009566,30975.4836456389,14265.547046426876,1.0,45080.54312124878
21724179.024067953,155.67096461562366,248.53357876242865,144.59177293113075,0.0,374.61292251055823,10638818.640300557,24845.673856383193,31799.313592274768,15078.551866522388,1.0,46717.377887980154
21724175.251587518,149.46453706521862,251.98929570697635,151.11496397476407,0.0,384.5918304987392,10637962.165780002,24109.47697589198,32557.357339984424,15913.179519862932,1.0,48310.04928903035
21724171.50478038,143.63028413361957,254.95646349948595,157.72885625053772,0.0,394.17289056702236,10637189.825825647,23336.337636916112,33248.31281861308,16767.70333456068,1.0,49855.52858235676
21724167.784732662,138.14326235228467,257.47176229970626,164.42062694606227,0.0,403.3799600627673,10636494.62830947,22535.616073803423,33871.57276880512,17640.36246365814,1.0,51351.44766164626
21724164.092420958,132.98023673324252,259.5693105932432,171.17841598279998,0.0,412.2352973930419,10635869.920111485,21715.733497825757,34427.14588479299,18529.380121632028,1.0,52796.03843560801
21724160.428720247,128.11956328806662,261.28084194508705,177.9912587805229,0.0,420.75967154260866,10635309.422862906,20884.196547829728,34915.580453849434,19432.979751154155,1.0,54188.07263418659
21724156.794411387,123.54107963089106,262.6358695831044,184.8490236609714,0.0,428.9724640610745,10634807.253812252,20047.63505054425,35337.891567303006,20349.399185638387,1.0,55526.80318212439
21724153.19018793,119.22600310912205,263.66183964912585,191.7423535712891,0.0,436.8917640374137,10634357.934764883,19211.849286982866,35695.492662558085,21276.90290131564,1.0,56811.90799305672
21724149.61666259,115.15683594379185,264.38427389761364,198.66261182979633,0.0,444.5344565444088,10633956.391653363,18381.86359805392,35990.13189180994,22213.792472511384,1.0,58043.43679350433
21724146.074373186,111.31727689715282,264.8269025682101,205.60183161713528,0.0,451.9163050023441,10633597.946919497,17561.983742301818,36223.83359712931,23158.41535681086,1.0,59221.76138312319
21724142.563788183,107.69213901830922,265.0117881084844,212.55266895488353,0.0,459.0520278803667,10633243.378500279,16790.78397290943,36398.844998412176,24109.172144137094,1.0,60347.52957173227
21724139.085311905,104.26727304859944,264.95944037664725,219.50835893148417,0.0,465.9553701251302,10632892.75199443,16065.078172803096,36519.82704194239,25064.522406562603,1.0,61423.861877688
21724135.639289305,101.02949609722894,264.68892391066015,226.4626749518686,0.0,472.63916967952747,10632546.12327445,15381.89418939763,36591.11410118174,26023.04805070807,1.0,62453.67458107282
21724132.226010427,97.96652522445854,264.217957809809,233.4098908025421,0.0,479.1154194293499,10632203.539230723,14738.459374829908,36616.73626390738,26983.44474627715,1.0,63439.69343936754
21724128.84571459,95.06691559461561,263.5630087372248,240.34474533823266,0.0,485.3953248924562,10631865.038463816,14132.18710488887,36600.44010747705,27944.513939555556,1.0,64384.46647621562
21724125.498594254,92.32000288443776,262.73937751684343,247.26240960955087,0.0,491.4893579433931,10631530.65192853,13560.66421037482,36545.70806464042,28905.15541219275,1.0,65290.375906016176
21724122.18479858,89.71584965390271,261.76127976570666,254.1584562635363,0.0,497.4073068462416,10631200.40353298,13021.639259108095,36455.77647537953,29864.360348272552,1.0,66159.64925283506
21724118.904436823,87.24519540685208,260.64192097216176,261.02883106053645,0.0,503.15832284969684,10630874.31069577,12513.011630990582,36333.652413794116,30821.204875185394,1.0,66994.3697181625
21724115.65758142,84.8994100874837,259.39356640226356,267.86982636164305,0.0,508.7509635809054,10630552.384864142,12032.821332423624,36182.12937302009,31774.844046151127,1.0,67796.48584835422
21724112.44427085,82.67045077626241,258.02760619036815,274.6780564509413,0.0,514.1932334583083,10630234.631995749,11579.239500022002,36003.801885548244,32724.506234419365,1.0,68567.82054915061
21724109.264512394,80.55082136507261,256.55461594540867,281.45043456617407,0.0,519.4926213285814,10629921.05300651,11150.559546953446,35801.079151071295,33669.48791120541,1.0,69310.0794914597
21724106.118284557,78.53353500658775,254.98441318152967,288.1841515201218,0.0,524.6561355186502,10629611.64418693,10745.188908393464,35576.197739102485,34609.148781312266,1.0,70024.85894959774
21724103.00553945,76.61207914694309,253.32610986051063,294.8766558031015,0.0,529.690336480611,10629306.397588998,10361.641345531607,35331.233429054344,35542.90725215485,1.0,70713.6531103922
21724099.92620492,74.7803829639355,251.58816131362752,301.52563506453237,0.0,534.6013671951586,10629005.301385658,9998.529770312138,35068.11224622156,36470.23621354735,1.0,71377.86088895191
21724096.88018655,73.03278704521053,249.77841179218157,308.1289988785383,0.0,539.3949814877186,10628708.340204783,9654.559555652735,34788.620748152774,37390.659107148975,1.0,72018.79228448475
21724093.867369525,71.36401515228783,247.90413687876963,314.68486270510476,0.0,544.0765704008732,10628415.495439366,9328.522298272484,34494.41561220686,38303.74626589314,1.0,72637.674307283
21724090.887620393,69.76914792688643,245.97208297540018,321.1915329643899,0.0,548.651186756789,10628126.745535547,9019.290003485901,34187.03257164854,39209.111505058674,1.0,73235.65650589022
21724087.94078865,68.24359840588765,243.98850406968336,327.6474931474714,0.0,553.1235680341535,10627842.06626003,8725.809663395,33867.894744431185,40106.40894788409,1.0,73813.8161214983
21724085.026708193,66.78308922047479,241.95919596647536,334.0513908920825,0.0,557.4981576755565,10627561.430948284,8447.098201845663,33538.32039582465,40995.330069785174,1.0,74373.16289479284
21724082.145198792,65.38363136355184,239.88952815946118,340.40202595681933,0.0,561.7791249332791,10627284.810734846,8182.237761318275,33199.530173258296,41875.600946316,1.0,74914.64354875729
21724079.29606731,64.04150441752088,237.78447350515015,346.69833903187083,0.0,565.9703833540198,10627012.174766963,7930.371308603875,32852.65384915067,42746.97969102095,1.0,75439.14596935462
21724076.47910895,62.75323814192496,235.64863585057583,352.93940132859393,0.0,570.0756079961686,10626743.490402712,7690.698537684542,32498.736605074788,43609.25407026375,1.0,75947.50310452153
21724073.69410829,61.51559532737858,233.48627575558015,359.12440489422585,0.0,574.0982514668048,10626478.723394698,7462.47204969819,32138.744888348592,44462.23928299537,1.0,76440.49660052695
21724070.940840393,60.32555582864872,231.30133444086528,365.25265360172136,0.0,578.0415588595855,10626217.838060236,7244.993791230273,31773.57187003521,45305.77589423811,1.0,76918.86019345633
21724068.219071716,59.180301695745385,229.09745608396713,371.3235547681483,0.0,581.9085816691141,10625960.797439096,7037.611733445075,31404.042531374,46139.72791182433,1.0,77383.28287238136
21724065.528561004,58.07720332746571,226.87800857689732,377.3366113582787,0.0,585.7021907521748,10625707.563439516,6839.716775753392,31030.918403833155,46963.98099663731,1.0,77834.41182965347
21724062.869060103,57.0138065770345,224.64610285137218,383.29141473300035,0.0,589.4250884013713,10625458.09697339,6650.7398588173055,30654.901986268735,47778.44079726285,1.0,78272.85521271457
21724060.240314744,55.98782074432655,222.40461087025568,389.18763790495234,0.0,593.0798195922071,10625212.358081356,6470.149272722003,30276.64086108391,48583.03140057698,1.0,78699.18469084387
21724057.642065227,54.99710739366499,220.15618237705775,395.02502926637646,0.0,596.6687824604331,10624970.306048468,6297.448147104008,29896.731529799497,49377.69389036921,1.0,79113.93784935171
21724055.07404708,54.03966994038775,217.90326048900423,400.80340675658795,0.0,600.1942380625909,10624731.899511117,6132.17211091976,29515.722987064102,50162.38500663692,1.0,79517.62042288402
21724052.53599166,53.11364395328414,215.64809621331327,406.52265243871403,0.0,603.6583194690261,10624497.096555836,5973.887110372396,29134.12005084336,50937.07589868585,1.0,79910.70837871222
21724050.02762672,52.217288123643876,213.39276196082733,412.18270745743615,0.0,607.0630402352622,10624265.854810484,5822.187374292002,28752.386465326228,51701.75096563711,1.0,80293.64986014635
21724047.548676934,51.3489758550507,211.13916412605025,417.78356735142125,0.0,610.4103022944703,10624038.13152841,5676.693516989517,28370.947791965697,52456.40677837534,1.0,80666.86699952403
21724045.098864336,50.507187431209466,208.88905479788394,423.32527769593685,0.0,613.7019033108196,10623813.883666055,5537.050769280116,27990.1941030274,53201.05107737705,1.0,81030.75760958747
21724042.67790883,49.69050272203457,206.6440426609334,428.80793005283675,0.0,616.9395435307688,10623593.067954455,5402.927329001882,27610.48249104534,53935.70184123604,1.0,81385.69676146438
21724040.285528522,48.89759439096523,204.405603143131,434.231658206667,0.0,620.1248321667969,10623375.640965067,5274.012822942961,27232.13940667672,54660.38642105351,1.0,81732.03825691325
21724037.92144017,48.12722156902124,202.17508786158942,439.59663466711663,0.0,623.2592933457048,10623161.559170311,5150.016872637826,26855.462836601295,55375.14073618939,1.0,82070.1160019737
21724035.585359465,47.37822396348647,199.9537334150232,444.90306741938934,0.0,626.3443716514115,10622950.778999235,5030.667757003818,26480.724332321945,56080.00852717629,1.0,82400.24528868124
21724033.277001422,46.64951637131718,197.7426695677496,450.1511969053479,0.0,629.3814372900964,10622743.256888606,4915.7111652650065,26108.17089998737,56775.040661882915,1.0,82722.72399105328
21724030.996080607,45.940083569430186,195.54292686718142,455.3412932194621,0.0,632.3717909036422,10622538.949329736,4804.909034054054,25738.026760672466,57460.29449127889,1.0,83037.83368113436
21724028.742311466,45.24897555594187,193.35544373384013,460.47365350469,0.0,635.3166680555287,10622337.812911429,4698.038462996443,25370.494989912262,58135.83325140153,1.0,83345.8406704968
21724026.51540855,44.57530311821396,191.18107306023063,465.5485995344495,0.0,638.2172434116789,10622139.80435923,4594.890703466981,25005.759044689734,58801.725508354604,1.0,83646.99698222734
21724024.315086737,43.91823370522285,189.02058835241775,470.56647546778896,0.0,641.0746346372055,10621944.880571261,4495.270215568085,24643.984185521767,59458.04464338585,1.0,83941.54125809061
21724022.14106147,43.276987583317066,186.87468944581448,475.5276457657527,0.0,643.8899060285659,10621752.998650966,4398.993788714386,24285.31880077011,60104.86837528929,1.0,84229.69960524242
21724019.993048932,42.65083425586768,184.7440078245238,480.4324932577688,0.0,646.6640718992913,10621564.115936829,4305.889721520801,23929.895639820526,60742.27831756673,1.0,84511.68638657025
21724017.87076622,42.039089128658574,182.62911157155588,485.28141734765137,0.0,649.3980997362058,10621378.190029474,4215.797056982418,23577.832961323897,61370.35956795572,1.0,84787.70495846262
21724015.77393153,41.44111040411219,180.53050997536104,490.07483234952946,0.0,652.0929131418892,10621195.178816162,4128.564869206154,23229.23560227278,61989.20032809546,1.0,85057.94835955126
21724013.702264316,40.85629618861017,178.44865781636827,494.8131659446832,0.0,654.7493945780503,10621015.040492985,4044.051598207355,22884.195973295893,62598.89155125222,1.0,85322.59995373111
21724011.65548536,40.28408179825095,176.38395935558808,499.4968577508872,0.0,657.368387923474,10620837.733584862,3962.124429520537,22542.79498518815,63199.52661616812,1.0,85581.8340305393
21724009.63331697,39.723937249395654,174.33677204581994,504.1263579964407,0.0,659.9507008592592,10620663.216963565,3882.658715593527,22205.102911353773,63791.20102522817,1.0,85835.81636576497
21724007.635483064,39.1753649212924,172.30740998458964,508.7021262916065,0.0,662.4971070931947,10620491.44986381,3805.5374361394242,21871.180190522955,64374.01212526371,1.0,86084.70474496967
21724005.661709264,38.63789737894388,170.29614712662755,513.2246304906772,0.0,665.0083484343033,10620322.391897693,3730.650694812091,21541.07817380708,64948.05884942441,1.0,86328.64945241451
21724003.711723,38.11109534519772,168.30322027246905,517.6943456383577,0.0,667.4851367278254,10620156.003067447,3657.895249749177,21214.83981988177,65513.4414786582,1.0,86567.79372772298
21724001.78525361,37.59454581179703,166.32883184862078,522.1117529945903,0.0,669.9281556602099,10619992.243776776,3587.174075692942,20892.500341830226,66070.26142143724,1.0,86802.2741924505
21723999.88203236,37.087860279835446,164.37315249366918,526.4773391323496,0.0,672.3380624430175,10619831.074840782,3518.395955554128,20574.08780893998,66618.62101046166,1.0,87032.22124858465
21723998.001792572,36.590673120717476,162.4363234637218,530.7915951033119,0.0,674.7154893840325,10619672.45749463,3451.475099428608,20259.623706522496,67158.62331515826,1.0,87257.75945086377
21723996.144269675,36.10264004933858,160.5184588696463,535.0550156666642,0.0,677.0610453533093,10619516.353401039,3386.330789211294,19949.12345661752,67690.37196887274,1.0,87479.00785467327
21723994.309201226,35.62343670176856,158.61964775771636,539.2680985766286,0.0,679.3753171513438,10619362.724656682,3322.887047077305,19642.596902249326,68213.97100972886,1.0,87696.08034116119
21723992.496326983,35.15275731025319,156.73995604447356,543.4313439246002,0.0,681.6588707860725,10619211.533797603,3261.0723262175648,19340.04875772169,68729.52473419734,1.0,87909.08592110203
21723990.70538895,34.69031346884354,154.87942831586946,547.5452535320668,0.0,683.912252664935,10619062.74380366,3200.8192223250926,19041.479027269495,69237.137562484,1.0,88118.12901893651
21723988.93613139,34.23583298342259,153.03808950005978,551.610330390751,0.0,686.1359907078096,10618916.318102177,3142.064204430042,18746.883394227534,69736.91391490577,1.0,88323.3097383163
21723987.18830089,33.7890588003275,151.21594642257725,555.6270781466579,0.0,688.3305953862341,10618772.220570749,3084.747363776429,18456.253582730857,70228.9580984813,1.0,88524.72411039515
21723985.461646374,33.34974800816522,149.4129892520077,559.596000624941,0.0,690.4965606939472,10618630.415539375,3028.812179521934,18169.577693823932,70713.37420301493,1.0,88722.46432602186
21723983.75591912,32.91767090779058,147.6291928437362,563.51760139271,0.0,692.634365053445,10618490.867791882,2974.2053001246145,17886.84051772886,71190.26600600242,1.0,88916.61895291427
21723982.07087277,32.49261014576248,145.86451798880742,567.3923833571126,0.0,694.7444721629189,10618353.542566745,2920.8763393572885,17608.02382390387,71659.73688573283,1.0,89107.27313881971
